MyUnknownColumn,Car_Name,Year,Selling_Price,Present_Price,Kms_Driven,Fuel_Type,Seller_Type,Transmission,Owner
0,ritz,2014,335000.0,559000.0,27000,Petrol,Dealer,Manual,0
1,sx4,2013,475000.0,953999.9999999999,43000,Diesel,Dealer,Manual,0
2,ciaz,2017,725000.0,985000.0,6900,Petrol,Dealer,Manual,0
3,wagon r,2011,285000.0,415000.00000000006,5200,Petrol,Dealer,Manual,0
4,swift,2014,459999.99999999994,687000.0,42450,Diesel,Dealer,Manual,0
5,vitara brezza,2018,925000.0,983000.0,2071,Diesel,Dealer,Manual,0
6,ciaz,2015,675000.0,811999.9999999999,18796,Petrol,Dealer,Manual,0
7,s cross,2015,650000.0,861000.0,33429,Diesel,Dealer,Manual,0
8,ciaz,2016,875000.0,889000.0,20273,Diesel,Dealer,Manual,0
9,ciaz,2015,745000.0,892000.0,42367,Diesel,Dealer,Manual,0
10,alto 800,2017,285000.0,360000.0,2135,Petrol,Dealer,Manual,0
11,ciaz,2015,685000.0,1038000.0000000001,51000,Diesel,Dealer,Manual,0
12,ciaz,2015,750000.0,994000.0,15000,Petrol,Dealer,Automatic,0
13,ertiga,2015,610000.0,771000.0,26000,Petrol,Dealer,Manual,0
14,dzire,2009,225000.0,721000.0,77427,Petrol,Dealer,Manual,0
15,ertiga,2016,775000.0,1079000.0,43000,Diesel,Dealer,Manual,0
16,ertiga,2015,725000.0,1079000.0,41678,Diesel,Dealer,Manual,0
17,ertiga,2016,775000.0,1079000.0,43000,Diesel,Dealer,Manual,0
18,wagon r,2015,325000.0,509000.0,35500,CNG,Dealer,Manual,0
19,sx4,2010,265000.0,798000.0,41442,Petrol,Dealer,Manual,0
20,alto k10,2016,285000.0,395000.0,25000,Petrol,Dealer,Manual,0
21,ignis,2017,490000.00000000006,571000.0,2400,Petrol,Dealer,Manual,0
22,sx4,2011,440000.00000000006,801000.0,50000,Petrol,Dealer,Automatic,0
23,alto k10,2014,250000.0,346000.0,45280,Petrol,Dealer,Manual,0
24,wagon r,2013,290000.0,441000.0,56879,Petrol,Dealer,Manual,0
25,swift,2011,300000.0,499000.0,20000,Petrol,Dealer,Manual,0
26,swift,2013,415000.00000000006,587000.0,55138,Petrol,Dealer,Manual,0
27,swift,2017,600000.0,649000.0,16200,Petrol,Individual,Manual,0
28,alto k10,2010,195000.0,395000.0,44542,Petrol,Dealer,Manual,0
29,ciaz,2015,745000.0,1038000.0000000001,45000,Diesel,Dealer,Manual,0
30,ritz,2012,310000.0,598000.0,51439,Diesel,Dealer,Manual,0
31,ritz,2011,235000.0,488999.99999999994,54200,Petrol,Dealer,Manual,0
32,swift,2014,495000.0,749000.0,39000,Diesel,Dealer,Manual,0
33,ertiga,2014,600000.0,994999.9999999999,45000,Diesel,Dealer,Manual,0
34,dzire,2014,550000.0,806000.0,45000,Diesel,Dealer,Manual,0
35,sx4,2011,295000.0,774000.0,49998,CNG,Dealer,Manual,0
36,dzire,2015,465000.00000000006,720000.0,48767,Petrol,Dealer,Manual,0
37,800,2003,35000.0,227999.99999999997,127000,Petrol,Individual,Manual,0
38,alto k10,2016,300000.0,376000.0,10079,Petrol,Dealer,Manual,0
39,sx4,2003,225000.0,798000.0,62000,Petrol,Dealer,Manual,0
40,baleno,2016,585000.0,787000.0,24524,Petrol,Dealer,Automatic,0
41,alto k10,2014,254999.99999999997,398000.0,46706,Petrol,Dealer,Manual,0
42,sx4,2008,195000.0,715000.0,58000,Petrol,Dealer,Manual,0
43,dzire,2014,550000.0,806000.0,45780,Diesel,Dealer,Manual,0
44,omni,2012,125000.0,269000.0,50000,Petrol,Dealer,Manual,0
45,ciaz,2014,750000.0,1204000.0,15000,Petrol,Dealer,Automatic,0
46,ritz,2013,265000.0,488999.99999999994,64532,Petrol,Dealer,Manual,0
47,wagon r,2006,105000.0,415000.00000000006,65000,Petrol,Dealer,Manual,0
48,ertiga,2015,580000.0,771000.0,25870,Petrol,Dealer,Manual,0
49,ciaz,2017,775000.0,928999.9999999999,37000,Petrol,Dealer,Automatic,0
50,fortuner,2012,1490000.0,3061000.0,104707,Diesel,Dealer,Automatic,0
51,fortuner,2015,2300000.0,3061000.0,40000,Diesel,Dealer,Automatic,0
52,innova,2017,1800000.0,1977000.0,15000,Diesel,Dealer,Automatic,0
53,fortuner,2013,1600000.0,3061000.0,135000,Diesel,Individual,Automatic,0
54,innova,2005,275000.0,1021000.0000000001,90000,Petrol,Individual,Manual,0
55,corolla altis,2009,360000.0,1504000.0,70000,Petrol,Dealer,Automatic,0
56,etios cross,2015,450000.0,727000.0,40534,Petrol,Dealer,Manual,0
57,corolla altis,2010,475000.0,1854000.0,50000,Petrol,Dealer,Manual,0
58,etios g,2014,409999.99999999994,680000.0,39485,Petrol,Dealer,Manual,1
59,fortuner,2014,1998999.9999999998,3596000.0,41000,Diesel,Dealer,Automatic,0
60,corolla altis,2013,695000.0,1861000.0,40001,Petrol,Dealer,Manual,0
61,etios cross,2015,450000.0,770000.0,40588,Petrol,Dealer,Manual,0
62,fortuner,2014,1875000.0,3596000.0,78000,Diesel,Dealer,Automatic,0
63,fortuner,2015,2350000.0,3596000.0,47000,Diesel,Dealer,Automatic,0
64,fortuner,2017,3300000.0,3622999.9999999995,6000,Diesel,Dealer,Automatic,0
65,etios liva,2014,475000.0,695000.0,45000,Diesel,Dealer,Manual,0
66,innova,2017,1975000.0,2315000.0,11000,Petrol,Dealer,Automatic,0
67,fortuner,2010,925000.0,2045000.0,59000,Diesel,Dealer,Manual,0
68,corolla altis,2011,434999.99999999994,1374000.0,88000,Petrol,Dealer,Manual,0
69,corolla altis,2016,1425000.0,2091000.0,12000,Petrol,Dealer,Manual,0
70,etios liva,2014,395000.0,676000.0,71000,Diesel,Dealer,Manual,0
71,corolla altis,2011,450000.0,1248000.0,45000,Diesel,Dealer,Manual,0
72,corolla altis,2013,745000.0,1861000.0,56001,Petrol,Dealer,Manual,0
73,etios liva,2011,265000.0,571000.0,43000,Petrol,Dealer,Manual,0
74,etios cross,2014,490000.00000000006,893000.0,83000,Diesel,Dealer,Manual,0
75,etios g,2015,395000.0,680000.0,36000,Petrol,Dealer,Manual,0
76,corolla altis,2013,550000.0,1468000.0,72000,Petrol,Dealer,Manual,0
77,corolla,2004,150000.0,1235000.0,135154,Petrol,Dealer,Automatic,0
78,corolla altis,2010,525000.0,2283000.0,80000,Petrol,Dealer,Automatic,0
79,fortuner,2012,1450000.0,3061000.0,89000,Diesel,Dealer,Automatic,0
80,corolla altis,2016,1473000.0,1489000.0,23000,Diesel,Dealer,Manual,0
81,etios gd,2015,475000.0,785000.0,40000,Diesel,Dealer,Manual,0
82,innova,2017,2300000.0,2539000.0,15000,Diesel,Dealer,Automatic,0
83,innova,2015,1250000.0,1346000.0,38000,Diesel,Dealer,Manual,0
84,innova,2005,349000.0,1346000.0,197176,Diesel,Dealer,Manual,0
85,camry,2006,250000.0,2373000.0,142000,Petrol,Individual,Automatic,3
86,land cruiser,2010,3500000.0,9260000.0,78000,Diesel,Dealer,Manual,0
87,corolla altis,2012,590000.0,1374000.0,56000,Petrol,Dealer,Manual,0
88,etios liva,2013,345000.0,605000.0,47000,Petrol,Dealer,Manual,0
89,etios g,2014,475000.0,676000.0,40000,Petrol,Dealer,Manual,0
90,corolla altis,2009,380000.0,1861000.0,62000,Petrol,Dealer,Manual,0
91,innova,2014,1125000.0,1609000.0,58242,Diesel,Dealer,Manual,0
92,innova,2005,351000.0,1370000.0,75000,Petrol,Dealer,Manual,0
93,fortuner,2015,2300000.0,3061000.0,40000,Diesel,Dealer,Automatic,0
94,corolla altis,2008,400000.0,2278000.0,89000,Petrol,Dealer,Automatic,0
95,corolla altis,2012,585000.0,1861000.0,72000,Petrol,Dealer,Manual,0
96,innova,2016,2075000.0,2539000.0,29000,Diesel,Dealer,Automatic,0
97,corolla altis,2017,1700000.0,1864000.0,8700,Petrol,Dealer,Manual,0
98,corolla altis,2013,705000.0,1861000.0,45000,Petrol,Dealer,Manual,0
99,fortuner,2010,965000.0,2045000.0,50024,Diesel,Dealer,Manual,0
100,Royal Enfield Thunder 500,2016,175000.0,190000.0,3000,Petrol,Individual,Manual,0
101,UM Renegade Mojave,2017,170000.0,182000.0,1400,Petrol,Individual,Manual,0
102,KTM RC200,2017,165000.0,178000.0,4000,Petrol,Individual,Manual,0
103,Bajaj Dominar 400,2017,145000.0,160000.0,1200,Petrol,Individual,Manual,0
104,Royal Enfield Classic 350,2017,135000.0,147000.0,4100,Petrol,Individual,Manual,0
105,KTM RC390,2015,135000.0,237000.0,21700,Petrol,Individual,Manual,0
106,Hyosung GT250R,2014,135000.0,345000.0,16500,Petrol,Individual,Manual,1
107,Royal Enfield Thunder 350,2013,125000.0,150000.0,15000,Petrol,Individual,Manual,0
108,Royal Enfield Thunder 350,2016,120000.0,150000.0,18000,Petrol,Individual,Manual,0
109,Royal Enfield Classic 350,2017,120000.0,147000.0,11000,Petrol,Individual,Manual,0
110,KTM RC200,2016,120000.0,178000.0,6000,Petrol,Individual,Manual,0
111,Royal Enfield Thunder 350,2016,114999.99999999999,150000.0,8700,Petrol,Individual,Manual,0
112,KTM 390 Duke ,2014,114999.99999999999,240000.0,7000,Petrol,Individual,Manual,0
113,Mahindra Mojo XT300,2016,114999.99999999999,140000.0,35000,Petrol,Individual,Manual,0
114,Royal Enfield Classic 350,2015,114999.99999999999,147000.0,17000,Petrol,Individual,Manual,0
115,Royal Enfield Classic 350,2015,111000.00000000001,147000.0,17500,Petrol,Individual,Manual,0
116,Royal Enfield Classic 350,2013,110000.00000000001,147000.0,33000,Petrol,Individual,Manual,0
117,Royal Enfield Thunder 500,2015,110000.00000000001,190000.0,14000,Petrol,Individual,Manual,0
118,Royal Enfield Classic 350,2015,110000.00000000001,147000.0,26000,Petrol,Individual,Manual,0
119,Royal Enfield Thunder 500,2013,105000.0,190000.0,5400,Petrol,Individual,Manual,0
120,Bajaj Pulsar RS200,2016,105000.0,126000.0,5700,Petrol,Individual,Manual,0
121,Royal Enfield Thunder 350,2011,105000.0,150000.0,6900,Petrol,Individual,Manual,0
122,Royal Enfield Bullet 350,2016,105000.0,117000.0,6000,Petrol,Individual,Manual,0
123,Royal Enfield Classic 350,2013,100000.0,147000.0,46500,Petrol,Individual,Manual,0
124,Royal Enfield Classic 500,2012,95000.0,175000.0,11500,Petrol,Individual,Manual,0
125,Royal Enfield Classic 500,2009,90000.0,175000.0,40000,Petrol,Individual,Manual,0
126,Bajaj Avenger 220,2017,90000.0,95000.0,1300,Petrol,Individual,Manual,0
127,Bajaj Avenger 150,2016,75000.0,80000.0,7000,Petrol,Individual,Manual,0
128,Honda CB Hornet 160R,2017,80000.0,87000.0,3000,Petrol,Individual,Manual,0
129,Yamaha FZ S V 2.0,2017,78000.0,84000.0,5000,Petrol,Individual,Manual,0
130,Honda CB Hornet 160R,2017,75000.0,87000.0,11000,Petrol,Individual,Manual,0
131,Yamaha FZ 16,2015,75000.0,82000.0,18000,Petrol,Individual,Manual,0
132,Bajaj Avenger 220,2017,75000.0,95000.0,3500,Petrol,Individual,Manual,0
133,Bajaj Avenger 220,2016,72000.0,95000.0,500,Petrol,Individual,Manual,0
134,TVS Apache RTR 160,2017,65000.0,81000.0,11800,Petrol,Individual,Manual,0
135,Bajaj Pulsar 150,2015,65000.0,74000.0,5000,Petrol,Individual,Manual,0
136,Honda CBR 150,2014,65000.0,120000.0,23500,Petrol,Individual,Manual,0
137,Hero Extreme,2013,65000.0,78700.0,16000,Petrol,Individual,Manual,0
138,Honda CB Hornet 160R,2016,60000.0,87000.0,15000,Petrol,Individual,Manual,0
139,Bajaj Avenger 220 dtsi,2015,60000.0,95000.0,16600,Petrol,Individual,Manual,0
140,Honda CBR 150,2013,60000.0,120000.0,32000,Petrol,Individual,Manual,0
141,Bajaj Avenger 150 street,2016,60000.0,80000.0,20000,Petrol,Individual,Manual,0
142,Yamaha FZ  v 2.0,2015,60000.0,84000.0,29000,Petrol,Individual,Manual,0
143,Yamaha FZ  v 2.0,2016,60000.0,84000.0,25000,Petrol,Individual,Manual,0
144,Bajaj Pulsar  NS 200,2014,60000.0,99000.0,25000,Petrol,Individual,Manual,0
145,TVS Apache RTR 160,2012,60000.0,81000.0,19000,Petrol,Individual,Manual,0
146,Hero Extreme,2014,55000.00000000001,78700.0,15000,Petrol,Individual,Manual,0
147,Yamaha FZ S V 2.0,2015,55000.00000000001,84000.0,58000,Petrol,Individual,Manual,0
148,Bajaj Pulsar 220 F,2010,52000.0,94000.0,45000,Petrol,Individual,Manual,0
149,Bajaj Pulsar 220 F,2016,51000.0,94000.0,24000,Petrol,Individual,Manual,0
150,TVS Apache RTR 180,2011,50000.0,82600.0,6000,Petrol,Individual,Manual,0
151,Hero Passion X pro,2016,50000.0,55000.00000000001,31000,Petrol,Individual,Manual,0
152,Bajaj Pulsar NS 200,2012,50000.0,99000.0,13000,Petrol,Individual,Manual,0
153,Bajaj Pulsar NS 200,2013,50000.0,99000.0,45000,Petrol,Individual,Manual,0
154,Yamaha Fazer ,2014,50000.0,88000.0,8000,Petrol,Individual,Manual,0
155,Honda Activa 4G,2017,48000.0,51000.0,4300,Petrol,Individual,Automatic,0
156,TVS Sport ,2017,48000.0,52000.0,15000,Petrol,Individual,Manual,0
157,Yamaha FZ S V 2.0,2015,48000.0,84000.0,23000,Petrol,Individual,Manual,0
158,Honda Dream Yuga ,2017,48000.0,54000.0,8600,Petrol,Individual,Manual,0
159,Honda Activa 4G,2017,45000.0,51000.0,4000,Petrol,Individual,Automatic,0
160,Bajaj Avenger Street 220,2011,45000.0,95000.0,24000,Petrol,Individual,Manual,0
161,TVS Apache RTR 180,2014,45000.0,82600.0,23000,Petrol,Individual,Manual,0
162,Bajaj Pulsar NS 200,2012,45000.0,99000.0,14500,Petrol,Individual,Manual,0
163,Bajaj Avenger 220 dtsi,2010,45000.0,95000.0,27000,Petrol,Individual,Manual,0
164,Hero Splender iSmart,2016,45000.0,54000.0,14000,Petrol,Individual,Manual,0
165,Activa 3g,2016,45000.0,54000.0,500,Petrol,Individual,Automatic,0
166,Hero Passion Pro,2016,45000.0,55000.00000000001,1000,Petrol,Individual,Manual,0
167,TVS Apache RTR 160,2014,42000.0,81000.0,42000,Petrol,Individual,Manual,0
168,Honda CB Trigger,2013,42000.0,73000.0,12000,Petrol,Individual,Manual,0
169,Hero Splender iSmart,2015,40000.0,54000.0,14000,Petrol,Individual,Manual,0
170,Yamaha FZ S ,2012,40000.0,83000.0,5500,Petrol,Individual,Manual,0
171,Hero Passion Pro,2015,40000.0,55000.00000000001,6700,Petrol,Individual,Manual,0
172,Bajaj Pulsar 135 LS,2014,40000.0,64000.0,13700,Petrol,Individual,Manual,0
173,Activa 4g,2017,40000.0,51000.0,1300,Petrol,Individual,Automatic,0
174,Honda CB Unicorn,2015,38000.0,72000.0,38600,Petrol,Individual,Manual,0
175,Hero Honda CBZ extreme,2011,38000.0,78700.0,75000,Petrol,Individual,Manual,0
176,Honda Karizma,2011,35000.0,105000.0,30000,Petrol,Individual,Manual,0
177,Honda Activa 125,2016,35000.0,56999.99999999999,24000,Petrol,Individual,Automatic,0
178,TVS Jupyter,2014,35000.0,52000.0,19000,Petrol,Individual,Automatic,0
179,Honda Karizma,2010,31000.0,105000.0,213000,Petrol,Individual,Manual,0
180,Hero Honda Passion Pro,2012,30000.0,51000.0,60000,Petrol,Individual,Manual,0
181,Hero Splender Plus,2016,30000.0,48000.0,50000,Petrol,Individual,Manual,0
182,Honda CB Shine,2013,30000.0,57999.99999999999,30000,Petrol,Individual,Manual,0
183,Bajaj Discover 100,2013,27000.0,47000.0,21000,Petrol,Individual,Manual,0
184,Bajaj Pulsar 150,2008,25000.0,75000.0,26000,Petrol,Individual,Manual,1
185,Suzuki Access 125,2008,25000.0,57999.99999999999,1900,Petrol,Individual,Automatic,0
186,TVS Wego,2010,25000.0,52000.0,22000,Petrol,Individual,Automatic,0
187,Honda CB twister,2013,25000.0,51000.0,32000,Petrol,Individual,Manual,0
188,Hero Glamour,2013,25000.0,56999.99999999999,18000,Petrol,Individual,Manual,0
189,Hero Super Splendor,2005,20000.0,56999.99999999999,55000,Petrol,Individual,Manual,0
190,Bajaj Pulsar 150,2008,20000.0,75000.0,60000,Petrol,Individual,Manual,0
191,Bajaj Discover 125,2012,20000.0,56999.99999999999,25000,Petrol,Individual,Manual,1
192,Hero Hunk,2007,20000.0,75000.0,49000,Petrol,Individual,Manual,1
193,Hero  Ignitor Disc,2013,20000.0,65000.0,24000,Petrol,Individual,Manual,1
194,Hero  CBZ Xtreme,2008,20000.0,78700.0,50000,Petrol,Individual,Manual,0
195,Bajaj  ct 100,2015,18000.0,32000.0,35000,Petrol,Individual,Manual,0
196,Activa 3g,2008,17000.0,52000.0,500000,Petrol,Individual,Automatic,0
197,Honda CB twister,2010,16000.0,51000.0,33000,Petrol,Individual,Manual,0
198,Bajaj Discover 125,2011,15000.0,56999.99999999999,35000,Petrol,Individual,Manual,1
199,Honda CB Shine,2007,12000.0,57999.99999999999,53000,Petrol,Individual,Manual,0
200,Bajaj Pulsar 150,2006,10000.0,75000.0,92233,Petrol,Individual,Manual,0
201,i20,2010,325000.0,679000.0,58000,Diesel,Dealer,Manual,1
202,grand i10,2015,440000.00000000006,570000.0,28200,Petrol,Dealer,Manual,0
203,i10,2011,295000.0,459999.99999999994,53460,Petrol,Dealer,Manual,0
204,eon,2015,275000.0,443000.0,28282,Petrol,Dealer,Manual,0
205,grand i10,2016,525000.0,570000.0,3493,Petrol,Dealer,Manual,1
206,xcent,2017,575000.0,713000.0,12479,Petrol,Dealer,Manual,0
207,grand i10,2015,515000.00000000006,570000.0,34797,Petrol,Dealer,Automatic,0
208,i20,2017,790000.0,810000.0,3435,Petrol,Dealer,Manual,0
209,grand i10,2015,484999.99999999994,570000.0,21125,Diesel,Dealer,Manual,0
210,i10,2012,310000.0,459999.99999999994,35775,Petrol,Dealer,Manual,0
211,elantra,2015,1175000.0,1479000.0,43535,Diesel,Dealer,Manual,0
212,creta,2016,1125000.0,1360000.0,22671,Petrol,Dealer,Manual,0
213,i20,2011,290000.0,679000.0,31604,Petrol,Dealer,Manual,0
214,grand i10,2017,525000.0,570000.0,20114,Petrol,Dealer,Manual,0
215,verna,2012,450000.0,940000.0,36100,Petrol,Dealer,Manual,0
216,eon,2016,290000.0,443000.0,12500,Petrol,Dealer,Manual,0
217,eon,2016,315000.0,443000.0,15000,Petrol,Dealer,Manual,0
218,verna,2014,645000.0,940000.0,45078,Petrol,Dealer,Manual,0
219,verna,2012,450000.0,940000.0,36000,Petrol,Dealer,Manual,0
220,eon,2017,350000.0,443000.0,38488,Petrol,Dealer,Manual,0
221,i20,2013,450000.0,679000.0,32000,Petrol,Dealer,Automatic,0
222,i20,2014,600000.0,760000.0,77632,Diesel,Dealer,Manual,0
223,verna,2015,825000.0,940000.0,61381,Diesel,Dealer,Manual,0
224,verna,2013,511000.00000000006,940000.0,36198,Petrol,Dealer,Automatic,0
225,i10,2011,270000.0,459999.99999999994,22517,Petrol,Dealer,Manual,0
226,grand i10,2015,525000.0,570000.0,24678,Petrol,Dealer,Manual,0
227,i10,2011,254999.99999999997,443000.0,57000,Petrol,Dealer,Manual,0
228,verna,2012,495000.0,940000.0,60000,Diesel,Dealer,Manual,0
229,i20,2012,310000.0,679000.0,52132,Diesel,Dealer,Manual,0
230,verna,2013,615000.0,940000.0,45000,Diesel,Dealer,Manual,0
231,verna,2017,925000.0,940000.0,15001,Petrol,Dealer,Manual,0
232,elantra,2015,1145000.0,1479000.0,12900,Petrol,Dealer,Automatic,0
233,grand i10,2013,390000.0,570000.0,53000,Diesel,Dealer,Manual,0
234,grand i10,2015,550000.0,570000.0,4492,Petrol,Dealer,Manual,0
235,verna,2017,910000.0,940000.0,15141,Petrol,Dealer,Manual,0
236,eon,2016,310000.0,443000.0,11849,Petrol,Dealer,Manual,0
237,creta,2015,1125000.0,1360000.0,68000,Diesel,Dealer,Manual,0
238,verna,2013,480000.0,940000.0,60241,Petrol,Dealer,Manual,0
239,eon,2012,200000.0,443000.0,23709,Petrol,Dealer,Manual,0
240,verna,2012,535000.0,940000.0,32322,Diesel,Dealer,Manual,0
241,xcent,2015,475000.0,713000.0,35866,Petrol,Dealer,Manual,1
242,xcent,2014,440000.00000000006,713000.0,34000,Petrol,Dealer,Manual,0
243,i20,2016,625000.0,760000.0,7000,Petrol,Dealer,Manual,0
244,verna,2013,595000.0,940000.0,49000,Diesel,Dealer,Manual,0
245,verna,2012,520000.0,940000.0,71000,Diesel,Dealer,Manual,0
246,i20,2012,375000.0,679000.0,35000,Petrol,Dealer,Manual,0
247,verna,2015,595000.0,940000.0,36000,Petrol,Dealer,Manual,0
248,i10,2013,400000.0,459999.99999999994,30000,Petrol,Dealer,Manual,0
249,i20,2016,525000.0,760000.0,17000,Petrol,Dealer,Manual,0
250,creta,2016,1290000.0,1360000.0,35934,Diesel,Dealer,Manual,0
251,city,2013,500000.0,990000.0,56701,Petrol,Dealer,Manual,0
252,brio,2015,540000.0,682000.0,31427,Petrol,Dealer,Automatic,0
253,city,2014,720000.0,990000.0,48000,Diesel,Dealer,Manual,0
254,city,2013,525000.0,990000.0,54242,Petrol,Dealer,Manual,0
255,brio,2012,300000.0,535000.0,53675,Petrol,Dealer,Manual,0
256,city,2016,1025000.0,1360000.0,49562,Petrol,Dealer,Manual,0
257,city,2015,850000.0,1360000.0,40324,Petrol,Dealer,Manual,0
258,city,2015,840000.0,1360000.0,25000,Petrol,Dealer,Manual,0
259,amaze,2014,390000.0,700000.0,36054,Petrol,Dealer,Manual,0
260,city,2016,915000.0,1360000.0,29223,Petrol,Dealer,Manual,0
261,brio,2016,550000.0,597000.0,5600,Petrol,Dealer,Manual,0
262,amaze,2015,400000.0,580000.0,40023,Petrol,Dealer,Manual,0
263,jazz,2016,660000.0,770000.0,16002,Petrol,Dealer,Manual,0
264,amaze,2015,400000.0,700000.0,40026,Petrol,Dealer,Manual,0
265,jazz,2017,650000.0,869999.9999999999,21200,Petrol,Dealer,Manual,0
266,amaze,2014,365000.0,700000.0,35000,Petrol,Dealer,Manual,0
267,city,2016,835000.0,940000.0,19434,Diesel,Dealer,Manual,0
268,brio,2017,480000.0,580000.0,19000,Petrol,Dealer,Manual,0
269,city,2015,670000.0,1000000.0,18828,Petrol,Dealer,Manual,0
270,city,2011,409999.99999999994,1000000.0,69341,Petrol,Dealer,Manual,0
271,city,2009,300000.0,1000000.0,69562,Petrol,Dealer,Manual,0
272,city,2015,750000.0,1000000.0,27600,Petrol,Dealer,Manual,0
273,jazz,2010,225000.0,750000.0,61203,Petrol,Dealer,Manual,0
274,brio,2014,530000.0,680000.0,16500,Petrol,Dealer,Manual,0
275,city,2016,1090000.0,1360000.0,30753,Petrol,Dealer,Automatic,0
276,city,2015,865000.0,1360000.0,24800,Petrol,Dealer,Manual,0
277,city,2015,969999.9999999999,1360000.0,21780,Petrol,Dealer,Manual,0
278,jazz,2016,600000.0,840000.0,4000,Petrol,Dealer,Manual,0
279,city,2014,625000.0,1360000.0,40126,Petrol,Dealer,Manual,0
280,brio,2015,525000.0,590000.0,14465,Petrol,Dealer,Manual,0
281,city,2006,210000.0,760000.0,50456,Petrol,Dealer,Manual,0
282,city,2014,825000.0,1400000.0,63000,Diesel,Dealer,Manual,0
283,city,2016,899000.0,1180000.0,9010,Petrol,Dealer,Manual,0
284,brio,2013,350000.0,590000.0,9800,Petrol,Dealer,Manual,0
285,jazz,2016,740000.0,850000.0,15059,Petrol,Dealer,Automatic,0
286,jazz,2016,565000.0,790000.0,28569,Petrol,Dealer,Manual,0
287,amaze,2015,575000.0,750000.0,44000,Petrol,Dealer,Automatic,0
288,city,2015,840000.0,1360000.0,34000,Petrol,Dealer,Manual,0
289,city,2016,1011000.0,1360000.0,10980,Petrol,Dealer,Manual,0
290,amaze,2014,450000.0,640000.0,19000,Petrol,Dealer,Manual,0
291,brio,2015,540000.0,610000.0,31427,Petrol,Dealer,Manual,0
292,jazz,2016,640000.0,840000.0,12000,Petrol,Dealer,Manual,0
293,city,2010,325000.0,990000.0,38000,Petrol,Dealer,Manual,0
294,amaze,2014,375000.0,680000.0,33019,Petrol,Dealer,Manual,0
295,city,2015,855000.0000000001,1309000.0,60076,Diesel,Dealer,Manual,0
296,city,2016,950000.0,1160000.0,33988,Diesel,Dealer,Manual,0
297,brio,2015,400000.0,590000.0,60000,Petrol,Dealer,Manual,0
298,city,2009,335000.0,1100000.0,87934,Petrol,Dealer,Manual,0
299,city,2017,1150000.0,1250000.0,9000,Diesel,Dealer,Manual,0
300,brio,2016,530000.0,590000.0,5464,Petrol,Dealer,Manual,0
